project_id,utility,state,project_name,name_a,name_b,project_status,in_service_date,in_service_date_raw,est_cost_usd,project_description,project_need,source_page
6807 B,Dominion Energy South Carolina,SC,Queensboro - Ft Johnson 115 kV & Queensboro-Bayfront 115kV (Queensboro-James Island Sect),Queensboro,Ft Johnson,In Progress,2023-12-31,12/31/23,5404301,Replace the Queensboro – Ft Johnson 115 kV Line and structures as they have reached the end of life.,This project is required due to address end of life issues.,1
0167C-D,Dominion Energy South Carolina,SC,Union Pier 115-13.8 kV Sub: Tap,Union Pier,,Planned,2027-12-31,12/31/27,5300000,Installing a 115 kV Tap to feed the future Union Pier 115 kV Sub.,This project is needed to for load growth in the Charleston area.,2
"0139 M,N",Dominion Energy South Carolina,SC,"Okatie 230-115kV Substation, Jasper – Yemassee 230kV #1 Fold-in",Jasper,Yemassee,In Progress,2024-12-31,12/31/2024,11116933,"Expand existing Okatie Transmission sub, add a 230-115 autobank and fold the Jasper – Yemassee 230 kV #1 line into the 230 kV side. Construct two additional 115 kV bus tie lines.",This project is needed to improve system performance and to meet NERC TPL and internal DESC Planning Criteria for reliability.,3
6341 A-F,Dominion Energy South Carolina,SC,Cainhoy - Hamlin 115kV: Rebuild Line and Cainhoy – Hamlin 115 kV #2: Construct New 115 kV Line,Cainhoy,Hamlin,In Progress,2025-12-01,12/01/25,19890850,"Upgrade the 954 ACSR portion of the Cainhoy – Hamlin 115 kV line to B795 ACSR conductor, construct a new Cainhoy – Hamlin 115 kV #2 line, add terminals to Cainhoy and Hamlin sub to accommodate upgrades.",This project is required due to load growth in the Mount Pleasant area and to meet NERC TPL and internal DESC Planning criteria.,4
6808 J,Dominion Energy South Carolina,SC,Eastover - Square D 115kV: Rebuild,Eastover,Square D,In Progress,2024-06-01,06/01/24,11700000,Replace wooden H-Frame structures with Self Supporting Steel Structures and restring with 1272 ACSR conductor.,This project is required to address end of life and reliability issues on these lines.,5
6808 K,Dominion Energy South Carolina,SC,Burton-St Helena 115kV: Rebuild Burton-Frogmore Transmission Section,Burton,St Helena,In Progress,2024-12-31,12/31/24,8580000,Replace wooden structures with Self Supporting Steel Structures and restring with 1272 ACSR conductor for the Burton – Frogmore Transmission section.,This project is required to address end of life and reliability issues on these lines.,6
6808 L,Dominion Energy South Carolina,SC,Burton-St Helena 115kV: Frogmore Distribution - St Helena,Burton,St Helena,In Progress,2025-12-31,12/31/25,6925000,Replace wooden structures with Self Supporting Steel Structures and upgrade to 795 ACSR for the Frogmore Distribution Tap – St. Helena section.,This project is required to address end of life and reliability issues on these lines.,7
"6808 N,O",Dominion Energy South Carolina,SC,VCS1-Denny Terrace 230kV & VCS1-Pineland 230kV: Rebuild Single Circuit Sections,VCS1,Denny Terrace,In Progress,2026-12-31,12/31/26,4912096,Replace wooden H-Frame structures with Self Supporting Steel Structures and restring with standard 1272 ACSR conductor.,This project is required to address end of life and reliability issues on these lines.,8
6808 R,Dominion Energy South Carolina,SC,Wateree-Killian 230kV: Rebuild,Wateree,Killian,In Progress,2028-12-31,12/31/28,48224719,Replace wooden H-Frame structures with Self Supporting Steel Structures.,This project is required to address end of life and reliability issues on these lines.,9
6808 S,Dominion Energy South Carolina,SC,Okatie-Bluffton 115kV: Rebuild,Okatie,Bluffton,In Progress,2025-06-01,06/01/2025,40660000,Replace wooden H-Frame structures with Self Supporting Steel Structures and upgrade conductor to standard 1272 ACSR.,This project is required to address end of life and reliability issues on these lines.,10
6808 U,Dominion Energy South Carolina,SC,Hopkins-CIP 230kV: Rebuild,Hopkins,CIP,Planned,2025-12-31,12/31/25,2600000,Replace wooden H-Frame structures with Self Supporting Steel Structures.,This project is required to address end of life and reliability issues on these lines.,11
6808 V,Dominion Energy South Carolina,SC,Faber Place-Bayfront 115kV: Rebuild North Bridge Terrace to Bayfront Section,Faber Place,Bayfront,Planned,2028-12-31,12/31/28,10200000,Replace wooden structures with Self Supporting Steel Structures and upgrade conductor to standard 1272 ACSR.,This project is required to address end of life and reliability issues on these lines.,12
6808 W,Dominion Energy South Carolina,SC,Square D - Hopkins 115kV: Rebuild,Square D,Hopkins,In Progress,2024-09-30,9/30/2024,4300000,Replace wooden H-Frame structures with Self Supporting Steel Structures and restring with 1272 ACSR conductor.,This project is required to address end of life and reliability issues on these lines.,13
6809 E,Dominion Energy South Carolina,SC,Stevens Creek - Hooks 115kV/LR Plumb Branch 46kV Rebuilds,Stevens Creek,Hooks,In Progress,2024-12-31,12/31/24,11745543,9.5 miles. Scope includes rebuilding the 115 and 46 kV lines in this corridor SPDC.,This project is required to address end of life and reliability issues on these lines.,14
6809 G,Dominion Energy South Carolina,SC,Stevens Creek - Hooks 115kV/LR Plumb Branch 46kV,Stevens Creek,Hooks,Planned,2025-12-31,12/31/25,7800000,Upgrade 6.5 miles of aging conductor with 1272 ACSR and rebuild with SPDC.,This project is required to address end of life and reliability issues on these lines.,15
6805 G,Dominion Energy South Carolina,SC,"Edenwood Sub: #1 & #2 230-115kV Autobanks, Replace with 336MVA",Edenwood,,In Progress,2024-12-25,12/25/24,10833462,Replace Autobank 1 and 2 at Edenwood Substation.,This project is required to address end of life and maintenance issues on these transformers.,16
"1060A, I, L",Dominion Energy South Carolina,SC,"Williams St Sub: Replace Sw House & Relays, AM Williams Sub: Replace Sw House, and McMeekin Sub: Add Sw House",Williams St,,In Progress,2028-12-31,12/31/28,9898924,"Replace switch house, switch house equipment, and relay panels at Williams Street substation. Replace the switch house at AM Williams substation. Add Switching House at McMeekin Substation to move relays from plant relay room.",This project is required to address end of life and maintenance issues on these transformers.,17
06005 B,Dominion Energy South Carolina,SC,Harleyville 115KV Transmission Tap – Construct (1.4 miles),Harleyville,,Planned,2027-03-31,3/31/2027,2750000,Extend the 115 kV line from the Blue Circle tap to the Harleyville substation to provide 115 kV service.,Load growth.,18
05004 P,Dominion Energy South Carolina,SC,Summerville: Replace and Spare 230-115kV 336MVA Auto Bank,Summerville,,In Progress,2024-12-31,12/31/2024,3982052,"Purchase a spare 230/115kV, 336MVA Autobank for the Southern Region to be stored at Summerville 230kV Sub. Include a pad, AC for heaters, and possibly a pit for oil containment.",Spare equipment needs.,19
06076A,Dominion Energy South Carolina,SC,Canadys-Ritter 115KV-Rebld SPDC 230/115KV 1272 (Approx 18 Miles),Canadys,Ritter,In Progress,2026-06-01,6/1/2026,40000000,Rebuild Canadys-Ritter 115 kV line as SPDC with 230 kV on one side and 115 kV on the other side.,This project is needed to improve system performance and to meet NERC TPL and internal DESC Planning Criteria for reliability.,20
6359,Dominion Energy South Carolina,SC,Yemassee– Ritter 230kV #1 & #2: Construct SPDC with B-1272,Yemassee,Ritter,Planned,2026-06-01,6/1/2026,40611419,Construct Ritter – Yemassee 230kV #1 and #2 SPDC with B1272 ACSR on both sides. Convert the existing Ritter – Yemassee 230 kV to 115 kV operation. Convert and add terminals at Ritter and Yemassee. Add 230 kV bus tie at Ritter and upgrade the Yemassee 230 kV bus tie.,This project is needed to improve system performance and to meet NERC TPL and internal DESC Planning Criteria for reliability.,21
"06367 A - C, H",Dominion Energy South Carolina,SC,Riverport Tap: Construct Tap,Riverport,,In Progress,2025-12-31,12/31/25,34877427,Construct Okatie – Riverport 230 kV to feed new Distribution substation.,Load growth.,22
06367 D - G,Dominion Energy South Carolina,SC,Jasper – Okatie 230 kV #2: Construct,Jasper,Okatie,In Progress,2025-12-31,12/31/25,23787423,Construct a 230 kV line with B1272 ACSR from Jasper to Okatie 230/115kV Substation. The line is estimated to be 6.5 miles long. This makes Jasper a Medium Impact substation and will require a new CIP Hut.,This project is needed to improve system performance and to meet NERC TPL and internal DESC Planning Criteria for reliability.,23
06371 D,Dominion Energy South Carolina,SC,Wagener 115kV Tap: Construct Tap,Wagener,,Planned,2025-12-31,12/31/25,6005000,Constructing a 115 kV Tap off the Edmund Switching Station- Owens Corning 115 kV Line to feed new Wagener Distribution substation.,Load growth.,24
06372 A,Dominion Energy South Carolina,SC,Church Creek - Ritter 230kV - Replace 38 Large Angles and Dead Ends,Church Creek,Ritter,In Progress,2024-06-01,6/1/2024,10850000,Replace 6.5 miles of aging conductor.,Replacing approximately 38 guyed wooden structures due to recent failures in the fiberglass strain insulators along this line. Structures to be changed out are dead ends/large angles.,25
06810 F,Dominion Energy South Carolina,SC,VCS2-Ward 230kV: Rebuild Line,VCS2,Ward,Planned,2029-12-31,12/31/29,30000000,Rebuild 40 miles of 230 kV line.,This project is required to address end of life and maintenance issues.,26
06810 G,Dominion Energy South Carolina,SC,Goose Creek Reservoir: Rebuild Transmission Line Crossings,Goose Creek Reservoir,,In Progress,2024-12-31,12/31/24,9655669,Rebuilding the Williams Goose Creek 230 and 115 kV lines and the Williams - Faber Place 230 kV line across the Goose Creek Reservoir.,This project is required to address end of life and maintenance issues.,27
06810 H,Dominion Energy South Carolina,SC,Summerville 115kV Loop: Rebuild,Summerville,,In Progress,2024-12-31,12/31/24,12475000,Replacing several wood pole sections on the Summerville 115 kV Loop that have reached the end of life.,This project is required to address end of life and maintenance issues.,28
6809 M,Dominion Energy South Carolina,SC,St George - Sumter 230kV Tie: Rebuild Line from Santee Substation - Duke/Progress Energy Tie,St George,Sumter,Planned,2025-12-31,12/31/2025,4000000,Rebuild Line from Santee Substation - Duke/Progress Energy Tie.,Grid hardening.,29
5392 A-C,Dominion Energy South Carolina,SC,Coit – Gills Creek 115kV: Construct,Coit,Gills Creek,In Progress,2024-12-31,12/31/2024,2509602,Convert the existing Coit - Gills Creek 33 kV Line to 115 kV. Approximately 1.25 miles. Construct Gills Creek Terminal at Coit Bus #1.,Load growth.,30
6810 A,Dominion Energy South Carolina,SC,Hooks - Thurmond 115kV Tie: Rebuild,Hooks,Thurmond,In Progress,2024-12-31,12/31/2024,2200080,"Rebuilding section of line between Hooks and Thurmond. Approximately 2.3 miles. The line will be rebuilt on existing R/W using steel poles, 115 kV insulation, and 1272 ACSR conductor.",This project is required to address end of life and reliability issues on these lines.,31
6809 N,Dominion Energy South Carolina,SC,Batesburg - Saluda County 115kV: Rebuild,Batesburg,Saluda County,In Progress,2025-12-31,12/31/2025,8750000,Rebuild 13.5 miles of conductor.,Grid hardening.,32
6853 B-F,Dominion Energy South Carolina,SC,Scout 230 kV Sub and Fold-in: Construct,Scout,,In Progress,2026-03-31,3/31/2026,23685000,Construct 230kV Transmission Line for Scout Customer Substation and modify VCS1 and Killian terminals.,Load growth.,33
6859,Dominion Energy South Carolina,SC,Dawson 230kV Sub and Fold-in: Construct and Rebuild,Dawson,,In Progress,2025-10-01,10/1/2025 (phase 1) and 10/1/2026 (phase 2),93538207,Construct Dawson 230kV substation. Fold in the existing Canadys – Church Creek and Canadys – Faber Place 230kV lines at the Dawson 230kV substation (phase 1). Rebuild Canadys – Dawson 230kV #1 and #2 with B1272 ACSR (phase 2).,Load growth.,34
6852,Dominion Energy South Carolina,SC,Urquhart – Toolebeck 115kV line: Rebuild,Urquhart,Toolebeck,In Progress,2026-08-12,8/12/2026,17520000,Upgrade the 477 ACSR portions of the Urquhart – Toolebeck 115 kV line to 1272 ACSR. Replace existing structures with Single Pole Double Circuit Structures. Approximately 12.5 miles.,This project is needed to improve system performance and to meet NERC TPL and internal DESC Planning Criteria for reliability.,35
6388 A,Dominion Energy South Carolina,SC,Williams-Summerville 230kV: Upgrade to SPDC B1272 ACSR,Williams,Summerville,Planned,2027-05-01,5/1/2027,19300000,Rebuild the section of the Williams - Summerville 230 kV line from Ladson Jct to Williams. Line to upgraded to B-1272 and designed for a future second circuit. Approximately 10 miles.,This project is needed to improve system performance and to meet NERC TPL and internal DESC Planning Criteria for reliability.,36
"0147 C, K",Dominion Energy South Carolina,SC,Cainhoy 115 kV Tap: Construct,Cainhoy,,Planned,2027-12-31,12/31/2027,21850000,Construct a 115 kV tap from Cainhoy to Clements Ferry. Approximately 2.8 miles. Construct terminal at Cainhoy.,Load growth.,37
"0147 B, J",Dominion Energy South Carolina,SC,Jack Primus 115 kV Tap: Construct,Jack Primus,,Planned,2027-12-31,12/31/2027,18000000,Construct a 115 kV tap from Jack Primus to Clements Ferry. Approximately 2.2 miles. Construct terminals at Jack Primus.,Load growth.,38
"6847 A-B, D-H",Dominion Energy South Carolina,SC,Church Creek – Faber Place – Charleston Transmission: Add 230kV Line,Church Creek,Charleston,In Progress,2027-05-01,05/01/2027,34174682,"Construct a 230 kV transmission line from Church Creek to Charleston Transmission. The Church Creek – Faber Place 230kV and 115kV lines will be rebuilt, and a 230kV line will be added between Faber Place and Charleston Transmission. Add 230/115kV transformer at Charleston Transmission. Add/upgrade terminals and bus work at impacted substations.",This project is needed to improve system performance and to meet NERC TPL and internal DESC Planning Criteria for reliability.,39
6846 A,Dominion Energy South Carolina,SC,Eastover – Sumter 115kV DEP Tie: Rebuild with 1272 ACSR,Eastover,Sumter,Planned,2026-05-31,05/31/2026,1100000,Upgrade the DESC section (approx. 1 mile) of the tie line from 397.5 ACSR Ibis to 1272 ACSR.,This project is needed to improve system performance and to meet NERC TPL and internal DESC Planning Criteria for reliability.,40
6810 U,Dominion Energy South Carolina,SC,Cameron Jct – Elloree 46 kV Rebuild,Cameron Jct,Elloree,Planned,2026-12-31,12/31/2026,4500000,Rebuilding the Cameron Jct – Elloree 46 kV Line. 7.3 miles.,System hardening,41
6810 J,Dominion Energy South Carolina,SC,Elloree – Santee City 46 kV: Rebuild,Elloree,Santee City,Planned,2027-12-31,12/31/2027,4500000,Rebuilding the 46 kV line between Elloree and Santee City. 7 miles.,System hardening,42
6810 O,Dominion Energy South Carolina,SC,Urquhart – Aiken PSA 46 kV: Rebuild,Urquhart,Aiken PSA,Planned,2027-12-31,12/31/2027,3000000,Rebuilding the section of 46 kV line from Urquhart to the Aiken PSA tap point. TBD if the scope of this project includes rebuilding the actual tap Aiken PSA. 4.5 miles.,System hardening,43
6810 T,Dominion Energy South Carolina,SC,Cameron Jct – Cameron – St Matthews 46 kV Rebuild,Cameron Jct,St Matthews,Planned,2028-12-31,12/31/2028,5900000,Rebuilding the 46 kV line between Cameron Jct and St Matthews. 9.8 miles.,System hardening.,44
