project_id,utility,state,project_name,in_service_date,owner,est_cost_usd,source_page
19523,Georgia Power,GA,SAV: CC - HYUNDAI MOTORS SAVANNAH AKA. PROJECT EA,2025-04-25,SAV,,231
18670,Georgia Power,GA,GTC: BANKS CROSSING - POND FORK 115 KV,2025-05-01,GTC,,232
18492,Georgia Power,GA,MITCHELL - NORTH TIFTON 230KV RECONDUCTOR,2025-05-01,GPC,,233
19676,Georgia Power,GA,ADAMSVILLE - JACK MCDONOUGH 230KV LINE REBUILD,2025-06-01,GPC,,234
18800,Georgia Power,GA,ECHECONNEE-WELLSTON 115KV REBUILD,2025-06-01,GPC,,235
19187,Georgia Power,GA,GRID - BREMEN - CROOKED CREEK (APC) 115 KV PROJECT,2025-06-01,GPC,,236
18153,Georgia Power,GA,GTC: BONAIRE PRI-ECHECONNEE 115 KV PARTIAL REBUILD,2025-06-01,GTC,,237
20342,Georgia Power,GA,GTC: CAMDEN INDUSTRIAL PARK 230/115KV NEW SUBSTATION,2025-06-01,GTC,,238
20590,Georgia Power,GA,GTC: EATONTON PRIMARY - LICK CREEK 115KV LINE SWITCH REPLACEMENT,2025-06-01,GTC,,239
11821,Georgia Power,GA,JESUP - LUDOWICI PRIMARY 115KV REBUILD,2025-06-01,GPC,,240
13753,Georgia Power,GA,MEAG: ALCOVY ROAD - SKC 115 KV RECONDUCTOR,2025-06-01,MEAG,,241
13787,Georgia Power,GA,MEAG: AULTMAN ROAD - BONAIRE PRIMARY 115 KV REBUILD,2025-06-01,MEAG,,242
20464,Georgia Power,GA,NORCROSS 230KV BUS 1-3 SERIES BUS TIE BREAKER INSTALLATION,2025-06-01,GPC,,243
19631,Georgia Power,GA,PINE GROVE PRIMARY 115 KV DUAL STAGE CAPACITOR BANK,2025-06-01,GPC,,244
20067,Georgia Power,GA,SAV: DEPTFORD - MAGNOLIA 115KV RECONDUCTOR,2025-06-01,SAV,,245
20466,Georgia Power,GA,SMART VALVE INSTALLATION,2025-06-01,GPC,,246
21046,Georgia Power,GA,THALMANN AND COLERAIN 23O KV LINE RELAY PANEL UPGRADES,2025-06-01,GPC,,214
20431,Georgia Power,GA,VILLA RICA LOW SIDE BREAKER,2025-06-01,GPC,,247
20684,Georgia Power,GA,CAMDEN INDUSTRIAL PARK (GPC),2025-06-30,GPC,,248
18774,Georgia Power,GA,GTC: HEARD COUNTY - TENASKA 500KV (SECOND LINE),2025-12-01,GTC,,249
18889,Georgia Power,GA,JEFFERSON STREET#3 - NORTHWEST (WHITE) 115 KV RECONDUCTOR,2025-12-01,GPC,,250
20326,Georgia Power,GA,ANTHONY SHOALS STATCOM SYSTEM,2025-12-31,GPC,,215
20152,Georgia Power,GA,CC - CASS PINE- HILL VIEW 230 KV LINE- CC IMPROVEMENTS,2025-12-31,GPC,,251
20175,Georgia Power,GA,CC - PROJECT CHRONOS- SK/HYUNDAI,2025-12-31,GPC,,252
20010,Georgia Power,GA,GTC: ANTHONY SHOALS - WASHINGTON 115 KV LINE REBUILD,2025-12-31,GTC,,253
17075,Georgia Power,GA,SAV: LITTLE OGEECHEE 230-115KV: RELAY MODERNIZATION,2025-12-31,SAV,,216
18691,Georgia Power,GA,GTC: LIZARD LOPE - WESTOVER 115 KV NEW LINE,2026-03-01,GTC,,254
20018,Georgia Power,GA,CC - QTS FAYETTEVILLE TRANSMISSION NEEDS,2026-04-01,GPC,,255
19597,Georgia Power,GA,ADAMSVILLE - BUZZARD ROOST 230KV REBUILD AND JUMPER UPGRADE,2026-06-01,GPC,,256
18960,Georgia Power,GA,BLANKETS CREEK – WOODSTOCK 115KV LINE REBUILD,2026-06-01,GPC,,257
20243,Georgia Power,GA,CC - GARRETT ROAD SWITCHING STATION - TRAE LANE,2026-06-01,GPC,,258
20216,Georgia Power,GA,CC - STONEWALL TELL ROAD (TA REALTY),2026-06-01,GPC,,259
18679,Georgia Power,GA,DU: EAST DALTON - OOSTANAULA 115KV REBUILD,2026-06-01,DU,,260
20491,Georgia Power,GA,EAST POINT RELAY MODERNIZATION,2026-06-01,GPC,,217
16007,Georgia Power,GA,FENWICK STREET - SAND BAR FERRY 115KV (RECONDUCTOR/REBUILD),2026-06-01,GPC,,261
20516,Georgia Power,GA,"GOAT ROCK 230KV SWITCH, JUMPER, & LINE TRAP REPLACEMENT",2026-06-01,GPC,,262
19618,Georgia Power,GA,GORDON-N DUBLIN 115KV (GORDON-ENGL MCI J) REBUILD,2026-06-01,GPC,,263
21139,Georgia Power,GA,GRADY - MORROW (WHITE) 115KV REBUILD,2026-06-01,GPC,,264
20474,Georgia Power,GA,GRADY 230/115KV RELAY MODERNIZATION,2026-06-01,GPC,,218
19706,Georgia Power,GA,GRID - GAINESVILLE #2 EQUIPMENT REPLACEMENT,2026-06-01,GPC,,265
21137,Georgia Power,GA,GTC: CONYERS - CORNISH MOUNTAIN 115KV LINE UPGRADE,2026-06-01,GTC,,266
19334,Georgia Power,GA,GTC: LAGRANGE - NORTH OPELIKA 230 KV,2026-06-01,GTC,,267
20015,Georgia Power,GA,GTC: MORNING HORNET 2ND 230/115 KV BANK & THUMBS UP 115KV TL,2026-06-01,GTC,,268
19999,Georgia Power,GA,GTC: ROBINS SPRING BUS REPLACEMENT,2026-06-01,GTC,,269
20001,Georgia Power,GA,GTC: ROBINS SPRING CAPACITOR BANK INSTALLATION,2026-06-01,GTC,,270
19636,Georgia Power,GA,HAMMOND - WEISS DAM 115KV LINE REBUILD,2026-06-01,GPC,,271
20512,Georgia Power,GA,KATHLEEN AREA IMPROVEMENTS,2026-06-01,GPC,,272
20490,Georgia Power,GA,KLONDIKE RELAY MODERNIZATION,2026-06-01,GPC,,219
19598,Georgia Power,GA,MEAG: DRESDEN - LAGRANGE PRIMARY 230KV UPGRADE & JUMPERS,2026-06-01,MEAG,,273
20270,Georgia Power,GA,MEAG: RAY PLACE RD - WASHINGTON #3,2026-06-01,MEAG,,274
20271,Georgia Power,GA,MEAG: RAY PLACE RD - WASHINGTON (WASHINGTON - WASHINGTON 3),2026-06-01,MEAG,,275
20300,Georgia Power,GA,MORROW 115KV RELAY UPGRADE,2026-06-01,GPC,,220
18690,Georgia Power,GA,PALMYRA REACTOR REMOVAL,2026-06-01,GPC,,276
20066,Georgia Power,GA,SAV: BOULEVARD - DEPTFORD 115KV RECONDUCTOR,2026-06-01,SAV,,277
19966,Georgia Power,GA,SAV: CC - BIG OGEECHEE 500/230KV (CC NETWORK IMPROVEMENTS),2026-06-01,SAV,,278
20277,Georgia Power,GA,SAV: MCINTOSH - PURRYSBURG 230KV REACTORS,2026-06-01,SAV,,227
20489,Georgia Power,GA,SCOTTDALE RELAY MODERNIZATION,2026-06-01,GPC,,221
17900,Georgia Power,GA,UNION CITY - YATES 230 KV WHITE LINE REBUILD,2026-06-01,GPC,,279
20691,Georgia Power,GA,UNION CITY - YATES 230KV (WHITE) SWITCH AND TRAP REPLACEMENT,2026-06-01,GPC,,280
20223,Georgia Power,GA,CC - PROJECT PAYTON BAINBRIDGE,2026-06-30,GPC,,281
21022,Georgia Power,GA,OHARA BREAKER REPLACEMENT,2026-10-01,GPC,,225
20668,Georgia Power,GA,DRESDEN LINE PROTECTIVE RELAYING,2026-12-01,GPC,,222
20874,Georgia Power,GA,GTC: BARNESVILLE PRIMARY-BARNESVILLE #1 115KV RECONDUCTOR,2026-12-01,GTC,,282
20273,Georgia Power,GA,GTC: DRESDEN 500KV BUS EXPANSION,2026-12-01,GTC,,283
20002,Georgia Power,GA,GTC: GORDON - SANDERSVILLE #1 115KV LINE REBUILD,2026-12-01,GTC,,284
20151,Georgia Power,GA,CC - CASS PINE 230/25 NEW SUB - QCELLS - CC IMPROVEMENTS,2026-12-31,GPC,,285
19287,Georgia Power,GA,GRADY-WEST END 115KV REBUILD,2026-12-31,GPC,,286
19363,Georgia Power,GA,MORROW - MOUNTAIN VIEW 115 KV REBUILD,2026-12-31,GPC,,287
18832,Georgia Power,GA,MEAG: FORTSON SUBSTATION MODERNIZATION,2027-01-13,MEAG,,223
20509,Georgia Power,GA,CC - EMBLEM RIVERSIDE CUSTOMER SUB (FLEXENTIAL),2027-03-01,GPC,,288
19635,Georgia Power,GA,GTC: HICKORY LEVEL - VILLA RICA 230KV LINE RECONDUCTOR,2027-05-01,GTC,,289
19601,Georgia Power,GA,MORROW - YATES COMMON 115KV LINE UPGRADE,2027-05-01,GPC,,290
15879,Georgia Power,GA,POSSUM BRANCH - YATES COMMON 115KV REBUILD (YATES TO CLEM),2027-05-01,GPC,,291
20771,Georgia Power,GA,CC - GULLATT ROAD TRANSMISSION IMPROVEMENTS,2027-06-01,GPC,,292
18736,Georgia Power,GA,CC - MICROSOFT - SHUGART (CCO06),2027-06-01,GPC,,293
20781,Georgia Power,GA,CC - SUMMER LAKE - VILLA RICA 230KV REBUILD (CC IMPROVEMENT),2027-06-01,GPC,,294
20736,Georgia Power,GA,CC - TA REALTY ELLENWOOD NETWORK IMPROVEMENTS,2027-06-01,GPC,,295
20234,Georgia Power,GA,DOYLE - LG&E MONROE 230KV - JACKS CREEK LOOP IN,2027-06-01,GPC,,296
20858,Georgia Power,GA,GTC: ADAMSVILLE - BUZZARD ROOST 230KV REBUILD,2027-06-01,GTC,,297
20776,Georgia Power,GA,GTC: DOUGLASVILLE - VILLA RICA 230KV REBUILD (CC IMPROVEMENT),2027-06-01,GTC,,298
20778,Georgia Power,GA,GTC: DOYLE - WINDER PRIMARY 230KV LINE JUMPER REPLACEMENT,2027-06-01,GTC,,299
19358,Georgia Power,GA,GTC: EAST MOULTRIE - HIGHWAY 112 230 KV LINE,2027-06-01,GTC,,300
09662,Georgia Power,GA,GTC: EAST WALTON 500/230KV PROJECT,2027-06-01,GTC,,301
20505,Georgia Power,GA,GTC: GARRETT RD - V. RICA 230KV LINE RECONDUCTOR (CC NET IM),2027-06-01,GTC,,303
19622,Georgia Power,GA,GTC: RIDDLEVILLE BUS REPLACEMENT,2027-06-01,GTC,,304
19606,Georgia Power,GA,GTC: SKC 115KV BUS AND JUMPER REPLACEMENT,2027-06-01,GTC,,305
20020,Georgia Power,GA,GTC: SOUTH HAZLEHURST - NEW LACY 230KV LINE,2027-06-01,GTC,,306
20506,Georgia Power,GA,GTC: SWITCH WAY - THORNTON ROAD 230KV LINE REBUILD,2027-06-01,GTC,,307
18668,Georgia Power,GA,JESUP - OFFERMAN 115KV REBUILD,2027-06-01,GPC,,308
10143,Georgia Power,GA,LAWRENCEVILLE - WINDER 115KV LINE REBUILD,2027-06-01,GPC,,309
10481,Georgia Power,GA,LAWRENCEVILLE - WINDER PRIMARY 230KV LINE REBUILD,2027-06-01,GPC,,310
20264,Georgia Power,GA,MEAG: RAY PLACE RD - WARRENTON PRIMARY,2027-06-01,MEAG,,311
19248,Georgia Power,GA,SANDERSVILLE #1 - WADLEY PRI. 115KV REBUILD/RECONDUCTOR,2027-06-01,GPC,,312
20785,Georgia Power,GA,SAV: GOSHEN (SAV) - KRAFT 115KV LINE REBUILD,2027-06-01,SAV,,313
20065,Georgia Power,GA,SAV: GOSHEN (SAV) - MCINTOSH 115KV LINE REBUILD,2027-06-01,SAV,,314
20717,Georgia Power,GA,CC - TOMOCHICHI 500/230KV SOLUTION (CC NETWORK IMPROVEMENTS),2027-07-15,GPC,,315
18573,Georgia Power,GA,GRID - ARKWRIGHT - LLOYD SHOALS 115KV,2027-07-30,GPC,,316
20591,Georgia Power,GA,GTC: EATONTON PRIMARY (035591) - LICK CREEK 115KV REBUILD,2027-12-01,GTC,,317
17977,Georgia Power,GA,ATHENA - EAST WATKINSVILLE 115 KV (REBUILD),2027-12-31,GPC,,318
20150,Georgia Power,GA,CC - HILL VIEW & GRASSY HOLLOW SUB - CC IMPROVEMENTS,2027-12-31,GPC,,319
20024,Georgia Power,GA,DYER ROAD - EAST ROANOKE 115KV (REBUILD),2027-12-31,GPC,,320
19997,Georgia Power,GA,AULTMAN ROAD-PERRY 115KV LINE REBUILD,2028-06-01,GPC,,321
20797,Georgia Power,GA,CC - EAST VILLA RICA AREA SWITCHING STATION (CC IMPROVEMENT),2028-06-01,GPC,,322
20774,Georgia Power,GA,CC - VILLA RICA UPGRADES (CC NETWORK IMPROVEMENTS),2028-06-01,GPC,,323
21048,Georgia Power,GA,FITZGERALD - PITTS 115 KV LINE REBUILD,2028-06-01,GPC,,324
08458,Georgia Power,GA,GTC: BARNESVILLE - SOUTH GRIFFIN 230KV PROJECT,2028-06-01,GTC,,325
20503,Georgia Power,GA,GTC: BARNEYVILLE - EAST MOULTRIE 115KV NEW LINE,2028-06-01,GTC,,326
20873,Georgia Power,GA,GTC: BONAIRE PRIMARY 500/230KV XFMR REPLCMNT & RELAY MOD,2028-06-01,GTC,,327
19992,Georgia Power,GA,GTC: BOSTWICK - EAST SOCIAL CIRCLE 230KV RECONDUCTOR,2028-06-01,GTC,,328
20777,Georgia Power,GA,JACK MCDONOUGH - NORTHWEST (BLACK) 230KV RECONDUCTOR,2028-06-01,GPC,,329
19629,Georgia Power,GA,MEAG: BRUMBLEY CREEK - SOUTH BAINBRIDGE 115KV REBUILD,2028-06-01,MEAG,,330
19630,Georgia Power,GA,MEAG: THOMASVILLE 230/115KV AUTOBANK REPLACEMENT,2028-06-01,MEAG,,331
20482,Georgia Power,GA,PITTMAN ROAD - WEST POINT DAM (USA) 115KV REBUILD,2028-06-01,GPC,,332
20656,Georgia Power,GA,PLANT YATES BREAKER AND HALF STATION,2028-06-01,GPC,,333
20783,Georgia Power,GA,SAV: COLEMAN - DEAN FOREST 115KV LINE REBUILD,2028-06-01,SAV,,334
20407,Georgia Power,GA,SAV: MAGNOLIA - TRUMAN PARKWAY 115KV REBUILD,2028-06-01,SAV,,335
21069,Georgia Power,GA,SMART VALVES AT EAST VILLA RICA SWITCHING STATION,2028-06-01,GPC,,336
20768,Georgia Power,GA,SOUTH MACON 115KV BUSES 1 & 2 REPLACEMENT,2028-06-01,GPC,,337
20274,Georgia Power,GA,UNION CITY - YATES 230KV (BLACK) LINE REBUILD,2028-06-01,GPC,,338
13166,Georgia Power,GA,FIRST AVENUE - NORTH COLUMBUS 115KV LINE REBUILD,2028-12-01,GPC,,339
20586,Georgia Power,GA,GTC: NORTH DUBLIN 230/115KV TRANSFORMERS AND BUS-TIE BREAKER,2028-12-01,GTC,,340
21062,Georgia Power,GA,ASHLEY PARK-WANSLEY 500KV,2029-06-01,GPC,,341
10222,Georgia Power,GA,BLAKELY PRIMARY - HUCKLEBERRY 115KV REBUILD,2029-06-01,GPC,,342
21047,Georgia Power,GA,BROADWAY - ECHECONNEE 115 KV LINE REBUILD,2029-06-01,GPC,,343
16887,Georgia Power,GA,BUTLER - THOMASTON 230KV LINE CONVERSION,2029-06-01,GPC,,344
21036,Georgia Power,GA,BUZZARD ROOST - FACTORY SHOALS 230KV NEW LINE,2029-06-01,GPC,,345
21142,Georgia Power,GA,CONYERS - KLONDIKE 230 KV SECOND LINE,2029-06-01,GPC,,346
21138,Georgia Power,GA,GLENWOOD SPRINGS - PORTERDALE PRIMARY 230KV LINE SWITCH REPL,2029-06-01,GPC,,347
21112,Georgia Power,GA,GTC: BARNESVILLE PRIMARY - THOMASTON 230KV,2029-06-01,GTC,,348
10814,Georgia Power,GA,GTC: BAY CREEK 230/115KV SECOND AUTO TRANSFORMER,2029-06-01,GTC,,349
21140,Georgia Power,GA,GTC: BONAIRE PRIMARY - EASTMAN PRIMARY 115 KV LINE REBUILD,2029-06-01,GTC,,350
20849,Georgia Power,GA,GTC: CLIFTONDALE - LINE CREEK 230KV LINE,2029-06-01,GTC,,351
19950,Georgia Power,GA,GTC: DRESDEN - TALBOT 500KV LINE,2029-06-01,GTC,,352
20760,Georgia Power,GA,GTC: HOPEWELL 230/115 KV BANK A,2029-06-01,GTC,,353
21123,Georgia Power,GA,GTC: TENASKA - WANSLEY 500KV NEW LINE,2029-06-01,GTC,,354
21141,Georgia Power,GA,LLOYD SHOALS - PORTERDALE PRIMARY 115KV REBUILD,2029-06-01,GPC,,355
20285,Georgia Power,GA,LOWER RIVER - WEBB (APC) 115KV RECONDUCTOR,2029-06-01,GPC,,356
19621,Georgia Power,GA,MCEVER ROAD - SHOAL CREEK 115KV REBUILD,2029-06-01,GPC,,357
20346,Georgia Power,GA,MCMANUS - WEST BRUNSWICK 115KV REBUILD,2029-06-01,GPC,,358
17706,Georgia Power,GA,MEAG: AULTMAN ROAD - FORT VALLEY #1 115 KV REBUILD,2029-06-01,MEAG,,359
11051,Georgia Power,GA,MEAG: SLAPPEY DRIVE - WESTOVER 115KV LINE REBUILD,2029-06-01,MEAG,,360
20757,Georgia Power,GA,NORCROSS - NORTH DRUID HILLS 115KV REBUILD,2029-06-01,GPC,,361
21006,Georgia Power,GA,SAV: BOULEVARD - MAGNOLIA 115 KV LINE REBUILD,2029-06-01,SAV,,362
21023,Georgia Power,GA,SAV: DEAN FOREST - LITTLE OGEECHEE 230 KV REBUILD,2029-06-01,SAV,,363
20989,Georgia Power,GA,SAV: RICE HOPE NEW AUTO TRANSFORMER,2029-06-01,SAV,,364
13628,Georgia Power,GA,SOUTH BAINBRIDGE - SINAI (FPL) 115KV LINE RECONDUCTOR,2029-06-01,GPC,,365
20248,Georgia Power,GA,BAY CREEK - CONYERS 230KV REBUILD,2029-12-31,GPC,,366
21129,Georgia Power,GA,ANNISTON - HAMMOND 230KV LINE,2030-06-01,GPC,,367
20764,Georgia Power,GA,ATKINSON - NORTHSIDE DRIVE 115KV REBUILD,2030-06-01,GPC,,368
20761,Georgia Power,GA,ATKINSON - NORTHWEST 115KV REBUILD,2030-06-01,GPC,,369
21130,Georgia Power,GA,CC - NORTH GEORGIA DATA NETWORK UPGRADES,2030-06-01,GPC,,370
10478,Georgia Power,GA,CORNELIA - TALLULAH LODGE 115KV REBUILD,2030-06-01,GPC,,371
18669,Georgia Power,GA,DU: DAWSON CROSSING - NELSON (WHITE) 115 KV REBUILD,2030-06-01,DU,,372
21097,Georgia Power,GA,EAST POINT - TRIBUTARY 230KV REBUILD,2030-06-01,GPC,,373
20480,Georgia Power,GA,EAST POINT - UNION CITY 230KV BLACK LINE RECONDUCTOR,2030-06-01,GPC,,374
19627,Georgia Power,GA,ECHECONNEE-WELLSTON 115KV LINE REBUILD,2030-06-01,GPC,,375
21063,Georgia Power,GA,FARLEY (APC)-TAZEWELL 500KV,2030-06-01,GPC,,376
12120,Georgia Power,GA,GAINESVILLE #2 - MCEVER ROAD 115 KV REBUILD,2030-06-01,GPC,,377
20298,Georgia Power,GA,GLENWOOD SPRINGS - LAKE OCONEE 115KV LINE REBUILD,2030-06-01,GPC,,378
21128,Georgia Power,GA,GOAT ROCK REACTORS INSTALLATION,2030-06-01,GPC,,379
19996,Georgia Power,GA,GOLDENS CREEK - WARRENTON PRIMARY 230KV REBUILD,2030-06-01,GPC,,380
20428,Georgia Power,GA,GORDON-SANDERSVILLE #1 115KV LINE REBUILD (DEEPSTEP-SAND #6),2030-06-01,GPC,,381
21116,Georgia Power,GA,GOSHEN AREA STRATEGIC SOLUTION,2030-06-01,GPC,,382
21073,Georgia Power,GA,GTC: BIG SMARR - TOMOCHICHI 500KV,2030-06-01,GTC,,383
21014,Georgia Power,GA,GTC: BUZZARD ROOST - CAVENDER DRIVE 230KV NEW LINE,2030-06-01,GTC,,384
21013,Georgia Power,GA,GTC: CAVENDER DRIVE 500/230KV AUTOBANK,2030-06-01,GTC,,385
20375,Georgia Power,GA,GTC: EAST WATKINSVILLE 230 KV STATION MODIFICATION,2030-06-01,GTC,,386
21111,Georgia Power,GA,GTC: HARTWELL DAM - HARTWELL ENERGY 230KV SERIES REACTORS,2030-06-01,GTC,,228
21113,Georgia Power,GA,GTC: HARTWELL ENERGY - MIDDLE FORK 230KV LINE,2030-06-01,GTC,,229
21131,Georgia Power,GA,GTC: POND FORK - MIDWAY 115KV LINE,2030-06-01,GTC,,387
21077,Georgia Power,GA,GTC: ROCKVILLE - TIGER CREEK -WARTHEN 500KV LINES,2030-06-01,GTC,,388
21076,Georgia Power,GA,GTC: TALBOT #2 - TAZEWELL 500KV LINE,2030-06-01,GTC,,389
21094,Georgia Power,GA,GTC: TIGER CREEK-ROCKVILLE-NORTH SPA 230KV PROJECT,2030-06-01,GTC,,390
20789,Georgia Power,GA,JEFFERSON ROAD - WINDER PRIMARY 115KV REBUILD,2030-06-01,GPC,,391
20284,Georgia Power,GA,KETTLE CREEK PRIMARY - PINE GROVE PRIMARY 115KV REBUILD,2030-06-01,GPC,,392
21118,Georgia Power,GA,MEAG: ATHENA - WARRENTON 230KV CONVERSION,2030-06-01,MEAG,,393
20857,Georgia Power,GA,NEW CAVENDER DRIVE - TRIBUTARY 230KV LINE,2030-06-01,GPC,,394
21093,Georgia Power,GA,NORTH SPA 230KV STRATEGIC PROJECT,2030-06-01,GPC,,395
19995,Georgia Power,GA,TALLULAH LODGE - TOCCOA 115 KV REBUILD,2030-06-01,GPC,,396
21098,Georgia Power,GA,TRIBUTARY - THORNTON RD 230KV REBUILD,2030-06-01,GPC,,397
20160,Georgia Power,GA,THOMASTON 230 NEW BUILD SUB,2030-11-01,GPC,,398
18848,Georgia Power,GA,"BAINBRIDGE TRANSMISSION: EAST RIVER ROAD, EAST BAINBRIDGE",2030-12-31,GPC,,399
19626,Georgia Power,GA,GLENWOOD SPRINGS 115KV CAP BANK,2030-12-31,GPC,,400
20690,Georgia Power,GA,EAST POINT - UNION CITY (WHITE) 230KV REBUILD,2031-05-01,GPC,,401
19632,Georgia Power,GA,AVERY - HOPEWELL 115KV RECONDUCTOR,2031-06-01,GPC,,402
10811,Georgia Power,GA,BOWEN #10 500/230KV AUTOBANK REPLACEMENT,2031-06-01,GPC,,403
20756,Georgia Power,GA,HATCH - WADLEY 500 KV LINE STRATEGIC PROJECT,2031-06-01,GPC,,404
21099,Georgia Power,GA,MEAG: PIO NONO 230/115KV AREA SOLUTION,2031-06-01,MEAG,,405
21114,Georgia Power,GA,MEAG: SOUTH GRIFFIN 230/115KV BANK #5,2032-06-01,MEAG,,406
20784,Georgia Power,GA,SAV: COLEMAN - MELDRIM 115KV LINE REBUILD,2032-06-01,SAV,,407
20767,Georgia Power,GA,ARKWRIGHT BUS AND JUMPER REPLACEMENT,2033-06-01,GPC,,408
20758,Georgia Power,GA,BAY CREEK - CONYERS 230KV LIMITING ELEMENT REPLACEMENT,2033-06-01,GPC,,409
20793,Georgia Power,GA,EVANS PRIMARY - THURMOND DAM (USA) #5 115KV REBUILD,2033-06-01,GPC,,410
20794,Georgia Power,GA,EVANS PRIMARY - THURMOND DAM (USA) #6 115KV REBUILD,2033-06-01,GPC,,411
12217,Georgia Power,GA,GTC: CENTER PRIMARY - CLARKSBORO 230 KV REBUILD,2033-06-01,GTC,,412
20773,Georgia Power,GA,GTC: CLARKSBORO - WINDER PRIMARY 230KV REBUILD,2033-06-01,GTC,,413
12147,Georgia Power,GA,GTC: EAST SOCIAL CIRCLE - SNELLVILLE 230KV EQUIPMENT UPGRADE,2033-06-01,GTC,,414
21075,Georgia Power,GA,GTC: EAST WALTON - MIDDLE FORK 500KV,2033-06-01,GTC,,415
20791,Georgia Power,GA,GTC: SHOAL CREEK - SOUTH HALL 230KV REBUILD,2033-06-01,GTC,,416
21053,Georgia Power,GA,MCEVER ROAD - SHOAL CREEK 115KV REBUILD,2033-06-01,GPC,,417
09661,Georgia Power,GA,MCGRAU FORD - MIDDLE FORK 500KV LINE PROJECT,2033-06-01,GPC,,418
20796,Georgia Power,GA,SAV: MELDRIM BANK D REPLACEMENT,2033-06-01,SAV,,419
14222,Georgia Power,GA,THOMSON PRIMARY 230/115KV SECOND TRANSFORMER,2033-06-01,GPC,,420
20759,Georgia Power,GA,WINDER PRIMARY 230KV BUS 1-2 PARALLEL BUS-TIE INSTALLATION,2033-06-01,GPC,,421
10487,Georgia Power,GA,PINE GROVE PRIMARY - WEST VALDOSTA 115 KV RECONDUCTOR,2033-12-31,GPC,,422
18700,Georgia Power,GA,DAWSON CROSSING - GAINESVILLE #1 115 KV,2034-06-01,GPC,,423
20787,Georgia Power,GA,SAV: LITTLE OGEECHEE 230/115KV BANK REPLACEMENT,2034-06-01,SAV,,424
17993,Georgia Power,GA,EVANS PRIMARY - THOMSON PRIMARY 115KV REBUILD,2034-12-31,GPC,,425
