project_id,utility,state,project_name,name_a,lat_a,lon_a,name_b,lat_b,lon_b,lat_center,lon_center,in_service_date,est_cost_usd,location_confidence
6807 B,Dominion Energy South Carolina,SC,Queensboro - Ft Johnson 115 kV & Queensboro-Bayfront 115kV (Queensboro-James Island Sect),Queensboro,32.722793,-79.967332,Ft Johnson,,,32.722793,-79.967332,2023-12-31,5404301,low
"0139 M,N",Dominion Energy South Carolina,SC,"Okatie 230-115kV Substation, Jasper – Yemassee 230kV #1 Fold-in",Jasper,32.360699,-81.124152,Yemassee,32.697426,-80.863793,32.5290625,-80.9939725,2024-12-31,11116933,low
6341 A-F,Dominion Energy South Carolina,SC,Cainhoy - Hamlin 115kV: Rebuild Line and Cainhoy – Hamlin 115 kV #2: Construct New 115 kV Line,Cainhoy,32.941402,-79.842276,Hamlin,32.859937,-79.788441,32.9006695,-79.8153585,2025-12-01,19890850,confirmed
"6808 N,O",Dominion Energy South Carolina,SC,VCS1-Denny Terrace 230kV & VCS1-Pineland 230kV: Rebuild Single Circuit Sections,VCS1,,,Denny Terrace,34.057609,-81.061561,34.057609,-81.061561,2026-12-31,4912096,low
6808 R,Dominion Energy South Carolina,SC,Wateree-Killian 230kV: Rebuild,Wateree,33.826272,-80.624076,Killian,,,33.826272,-80.624076,2028-12-31,48224719,low
6808 S,Dominion Energy South Carolina,SC,Okatie-Bluffton 115kV: Rebuild,Okatie,32.333758,-81.032495,Bluffton,32.235027,-80.853384,32.2843925,-80.9429395,2025-06-01,40660000,low
6808 V,Dominion Energy South Carolina,SC,Faber Place-Bayfront 115kV: Rebuild North Bridge Terrace to Bayfront Section,Faber Place,32.85008,-80.014624,Bayfront,,,32.85008,-80.014624,2028-12-31,10200000,low
6809 E,Dominion Energy South Carolina,SC,Stevens Creek - Hooks 115kV/LR Plumb Branch 46kV Rebuilds,Stevens Creek,33.561618,-82.053294,Hooks,,,33.561618,-82.053294,2024-12-31,11745543,low
6809 G,Dominion Energy South Carolina,SC,Stevens Creek - Hooks 115kV/LR Plumb Branch 46kV,Stevens Creek,33.561618,-82.053294,Hooks,,,33.561618,-82.053294,2025-12-31,7800000,low
06005 B,Dominion Energy South Carolina,SC,Harleyville 115KV Transmission Tap – Construct (1.4 miles),Harleyville,33.209907,-80.451166,,,,33.209907,-80.451166,2027-03-31,2750000,low
06076A,Dominion Energy South Carolina,SC,Canadys-Ritter 115KV-Rebld SPDC 230/115KV 1272 (Approx 18 Miles),Canadys,33.064096,-80.6206,Ritter,,,33.064096,-80.6206,2026-06-01,40000000,low
6359,Dominion Energy South Carolina,SC,Yemassee– Ritter 230kV #1 & #2: Construct SPDC with B-1272,Yemassee,32.697426,-80.863793,Ritter,,,32.697426,-80.863793,2026-06-01,40611419,low
06367 D - G,Dominion Energy South Carolina,SC,Jasper – Okatie 230 kV #2: Construct,Jasper,32.360699,-81.124152,Okatie,32.333758,-81.032495,32.3472285,-81.0783235,2025-12-31,23787423,low
06371 D,Dominion Energy South Carolina,SC,Wagener 115kV Tap: Construct Tap,Wagener,33.650112,-81.360566,,,,33.650112,-81.360566,2025-12-31,6005000,confirmed
06372 A,Dominion Energy South Carolina,SC,Church Creek - Ritter 230kV - Replace 38 Large Angles and Dead Ends,Church Creek,32.83032,-80.070279,Ritter,,,32.83032,-80.070279,2024-06-01,10850000,low
06810 F,Dominion Energy South Carolina,SC,VCS2-Ward 230kV: Rebuild Line,VCS2,,,Ward,33.87218,-81.697723,33.87218,-81.697723,2029-12-31,30000000,low
6809 M,Dominion Energy South Carolina,SC,St George - Sumter 230kV Tie: Rebuild Line from Santee Substation - Duke/Progress Energy Tie,St George,,,Sumter,33.897661,-80.323976,33.897661,-80.323976,2025-12-31,4000000,low
6810 A,Dominion Energy South Carolina,SC,Hooks - Thurmond 115kV Tie: Rebuild,Hooks,,,Thurmond,33.660127,-82.195931,33.660127,-82.195931,2024-12-31,2200080,low
6809 N,Dominion Energy South Carolina,SC,Batesburg - Saluda County 115kV: Rebuild,Batesburg,33.913487,-81.564435,Saluda County,,,33.913487,-81.564435,2025-12-31,8750000,low
6852,Dominion Energy South Carolina,SC,Urquhart – Toolebeck 115kV line: Rebuild,Urquhart,33.43287,-81.911081,Toolebeck,33.534632,-81.669327,33.483751,-81.790204,2026-08-12,17520000,low
6388 A,Dominion Energy South Carolina,SC,Williams-Summerville 230kV: Upgrade to SPDC B1272 ACSR,Williams,33.017699,-79.932168,Summerville,,,33.017699,-79.932168,2027-05-01,19300000,low
"0147 C, K",Dominion Energy South Carolina,SC,Cainhoy 115 kV Tap: Construct,Cainhoy,32.941402,-79.842276,,,,32.941402,-79.842276,2027-12-31,21850000,confirmed
"0147 B, J",Dominion Energy South Carolina,SC,Jack Primus 115 kV Tap: Construct,Jack Primus,32.919384,-79.904495,,,,32.919384,-79.904495,2027-12-31,18000000,confirmed
"6847 A-B, D-H",Dominion Energy South Carolina,SC,Church Creek – Faber Place – Charleston Transmission: Add 230kV Line,Church Creek,32.83032,-80.070279,Charleston,,,32.83032,-80.070279,2027-05-01,34174682,low
6846 A,Dominion Energy South Carolina,SC,Eastover – Sumter 115kV DEP Tie: Rebuild with 1272 ACSR,Eastover,,,Sumter,33.897661,-80.323976,33.897661,-80.323976,2026-05-31,1100000,low
6810 U,Dominion Energy South Carolina,SC,Cameron Jct – Elloree 46 kV Rebuild,Cameron Jct,,,Elloree,33.532384,-80.579724,33.532384,-80.579724,2026-12-31,4500000,low
6810 J,Dominion Energy South Carolina,SC,Elloree – Santee City 46 kV: Rebuild,Elloree,33.532384,-80.579724,Santee City,,,33.532384,-80.579724,2027-12-31,4500000,low
6810 O,Dominion Energy South Carolina,SC,Urquhart – Aiken PSA 46 kV: Rebuild,Urquhart,33.43287,-81.911081,Aiken PSA,,,33.43287,-81.911081,2027-12-31,3000000,low
18492,Georgia Power,GA,MITCHELL - NORTH TIFTON 230KV RECONDUCTOR,MITCHELL,31.445515,-84.134469,NORTH TIFTON,31.476549,-83.546858,31.461032,-83.8406635,2025-05-01,,low
11821,Georgia Power,GA,JESUP - LUDOWICI PRIMARY 115KV REBUILD,JESUP,31.603106,-81.924947,LUDOWICI PRIMARY,31.721597,-81.743703,31.6623515,-81.834325,2025-06-01,,confirmed
13787,Georgia Power,GA,MEAG: AULTMAN ROAD - BONAIRE PRIMARY 115 KV REBUILD,AULTMAN ROAD,,,BONAIRE PRIMARY,32.564795,-83.600023,32.564795,-83.600023,2025-06-01,,low
20464,Georgia Power,GA,NORCROSS 230KV BUS 1-3 SERIES BUS TIE BREAKER INSTALLATION,NORCROSS,33.932557,-84.21343,,,,33.932557,-84.21343,2025-06-01,,confirmed
19631,Georgia Power,GA,PINE GROVE PRIMARY 115 KV DUAL STAGE CAPACITOR BANK,PINE GROVE PRIMARY,30.881649,-83.227987,,,,30.881649,-83.227987,2025-06-01,,confirmed
20067,Georgia Power,GA,SAV: DEPTFORD - MAGNOLIA 115KV RECONDUCTOR,DEPTFORD,32.066828,-81.048384,MAGNOLIA,32.022687,-81.086181,32.0447575,-81.0672825,2025-06-01,,confirmed
21046,Georgia Power,GA,THALMANN AND COLERAIN 23O KV LINE RELAY PANEL UPGRADES,THALMANN,31.293459,-81.680781,,,,31.293459,-81.680781,2025-06-01,,confirmed
20010,Georgia Power,GA,GTC: ANTHONY SHOALS - WASHINGTON 115 KV LINE REBUILD,ANTHONY SHOALS,34.001832,-82.636279,WASHINGTON,,,34.001832,-82.636279,2025-12-31,,low
17075,Georgia Power,GA,SAV: LITTLE OGEECHEE 230-115KV: RELAY MODERNIZATION,LITTLE OGEECHEE,32.006786,-81.253151,,,,32.006786,-81.253151,2025-12-31,,confirmed
18960,Georgia Power,GA,BLANKETS CREEK – WOODSTOCK 115KV LINE REBUILD,BLANKETS CREEK,34.185757,-84.508012,WOODSTOCK,34.08527,-84.513456,34.1355135,-84.510734,2026-06-01,,confirmed
19618,Georgia Power,GA,GORDON-N DUBLIN 115KV (GORDON-ENGL MCI J) REBUILD,GORDON,32.882471,-83.316914,N DUBLIN,,,32.882471,-83.316914,2026-06-01,,low
21139,Georgia Power,GA,GRADY - MORROW (WHITE) 115KV REBUILD,GRADY,,,MORROW,33.605931,-84.333462,33.605931,-84.333462,2026-06-01,,low
19598,Georgia Power,GA,MEAG: DRESDEN - LAGRANGE PRIMARY 230KV UPGRADE & JUMPERS,DRESDEN,,,LAGRANGE PRIMARY,33.024106,-85.01568,33.024106,-85.01568,2026-06-01,,low
20300,Georgia Power,GA,MORROW 115KV RELAY UPGRADE,MORROW,33.605931,-84.333462,,,,33.605931,-84.333462,2026-06-01,,confirmed
20066,Georgia Power,GA,SAV: BOULEVARD - DEPTFORD 115KV RECONDUCTOR,BOULEVARD,32.041231,-81.144464,DEPTFORD,32.066828,-81.048384,32.0540295,-81.096424,2026-06-01,,confirmed
20277,Georgia Power,GA,SAV: MCINTOSH - PURRYSBURG 230KV REACTORS,MCINTOSH,32.352116,-81.175112,PURRYSBURG,,,32.352116,-81.175112,2026-06-01,,low
20874,Georgia Power,GA,GTC: BARNESVILLE PRIMARY-BARNESVILLE #1 115KV RECONDUCTOR,BARNESVILLE PRIMARY,33.032069,-84.201258,BARNESVILLE #1,33.055544,-84.15297,33.0438065,-84.177114,2026-12-01,,confirmed
20002,Georgia Power,GA,GTC: GORDON - SANDERSVILLE #1 115KV LINE REBUILD,GORDON,32.882471,-83.316914,SANDERSVILLE #1,,,32.882471,-83.316914,2026-12-01,,low
19363,Georgia Power,GA,MORROW - MOUNTAIN VIEW 115 KV REBUILD,MORROW,33.605931,-84.333462,MOUNTAIN VIEW,,,33.605931,-84.333462,2026-12-31,,low
19601,Georgia Power,GA,MORROW - YATES COMMON 115KV LINE UPGRADE,MORROW,33.605931,-84.333462,YATES COMMON,33.461641,-84.904198,33.533786,-84.61883,2027-05-01,,confirmed
15879,Georgia Power,GA,POSSUM BRANCH - YATES COMMON 115KV REBUILD (YATES TO CLEM),POSSUM BRANCH,,,YATES COMMON,33.461641,-84.904198,33.461641,-84.904198,2027-05-01,,low
20234,Georgia Power,GA,DOYLE - LG&E MONROE 230KV - JACKS CREEK LOOP IN,DOYLE,33.837924,-83.698786,LG,,,33.837924,-83.698786,2027-06-01,,low
20778,Georgia Power,GA,GTC: DOYLE - WINDER PRIMARY 230KV LINE JUMPER REPLACEMENT,DOYLE,33.837924,-83.698786,WINDER PRIMARY,33.995459,-83.753131,33.9166915,-83.7259585,2027-06-01,,confirmed
19358,Georgia Power,GA,GTC: EAST MOULTRIE - HIGHWAY 112 230 KV LINE,EAST MOULTRIE,31.242178,-83.743474,HIGHWAY 112,,,31.242178,-83.743474,2027-06-01,,low
20020,Georgia Power,GA,GTC: SOUTH HAZLEHURST - NEW LACY 230KV LINE,SOUTH HAZLEHURST,31.810691,-82.566692,NEW LACY,,,31.810691,-82.566692,2027-06-01,,low
18668,Georgia Power,GA,JESUP - OFFERMAN 115KV REBUILD,JESUP,31.603106,-81.924947,OFFERMAN,31.423072,-82.143662,31.513089,-82.0343045,2027-06-01,,confirmed
10143,Georgia Power,GA,LAWRENCEVILLE - WINDER 115KV LINE REBUILD,LAWRENCEVILLE,,,WINDER,34.023516,-83.757831,34.023516,-83.757831,2027-06-01,,low
10481,Georgia Power,GA,LAWRENCEVILLE - WINDER PRIMARY 230KV LINE REBUILD,LAWRENCEVILLE,,,WINDER PRIMARY,33.995459,-83.753131,33.995459,-83.753131,2027-06-01,,low
20264,Georgia Power,GA,MEAG: RAY PLACE RD - WARRENTON PRIMARY,RAY PLACE RD,,,WARRENTON PRIMARY,33.380501,-82.687296,33.380501,-82.687296,2027-06-01,,low
20785,Georgia Power,GA,SAV: GOSHEN (SAV) - KRAFT 115KV LINE REBUILD,GOSHEN,32.248701,-81.209472,KRAFT,32.148135,-81.145983,32.198418,-81.1777275,2027-06-01,,low
20065,Georgia Power,GA,SAV: GOSHEN (SAV) - MCINTOSH 115KV LINE REBUILD,GOSHEN,32.248701,-81.209472,MCINTOSH,32.352116,-81.175112,32.3004085,-81.192292,2027-06-01,,low
17977,Georgia Power,GA,ATHENA - EAST WATKINSVILLE 115 KV (REBUILD),ATHENA,33.976403,-83.346119,EAST WATKINSVILLE,33.860546,-83.384765,33.9184745,-83.365442,2027-12-31,,confirmed
08458,Georgia Power,GA,GTC: BARNESVILLE - SOUTH GRIFFIN 230KV PROJECT,BARNESVILLE,33.055544,-84.15297,SOUTH GRIFFIN,,,33.055544,-84.15297,2028-06-01,,low
20503,Georgia Power,GA,GTC: BARNEYVILLE - EAST MOULTRIE 115KV NEW LINE,BARNEYVILLE,,,EAST MOULTRIE,31.242178,-83.743474,31.242178,-83.743474,2028-06-01,,low
20873,Georgia Power,GA,GTC: BONAIRE PRIMARY 500/230KV XFMR REPLCMNT & RELAY MOD,BONAIRE PRIMARY,32.564795,-83.600023,,,,32.564795,-83.600023,2028-06-01,,confirmed
19629,Georgia Power,GA,MEAG: BRUMBLEY CREEK - SOUTH BAINBRIDGE 115KV REBUILD,BRUMBLEY CREEK,,,SOUTH BAINBRIDGE,30.839608,-84.488921,30.839608,-84.488921,2028-06-01,,low
20783,Georgia Power,GA,SAV: COLEMAN - DEAN FOREST 115KV LINE REBUILD,COLEMAN,,,DEAN FOREST,32.08351,-81.188722,32.08351,-81.188722,2028-06-01,,low
20407,Georgia Power,GA,SAV: MAGNOLIA - TRUMAN PARKWAY 115KV REBUILD,MAGNOLIA,32.022687,-81.086181,TRUMAN PARKWAY,,,32.022687,-81.086181,2028-06-01,,low
20768,Georgia Power,GA,SOUTH MACON 115KV BUSES 1 & 2 REPLACEMENT,SOUTH MACON,32.820349,-83.626198,,,,32.820349,-83.626198,2028-06-01,,confirmed
10222,Georgia Power,GA,BLAKELY PRIMARY - HUCKLEBERRY 115KV REBUILD,BLAKELY PRIMARY,31.371554,-84.90598,HUCKLEBERRY,,,31.371554,-84.90598,2029-06-01,,low
16887,Georgia Power,GA,BUTLER - THOMASTON 230KV LINE CONVERSION,BUTLER,,,THOMASTON,32.946564,-84.266479,32.946564,-84.266479,2029-06-01,,low
21142,Georgia Power,GA,CONYERS - KLONDIKE 230 KV SECOND LINE,CONYERS,,,KLONDIKE,33.636977,-84.124487,33.636977,-84.124487,2029-06-01,,low
21112,Georgia Power,GA,GTC: BARNESVILLE PRIMARY - THOMASTON 230KV,BARNESVILLE PRIMARY,33.032069,-84.201258,THOMASTON,32.946564,-84.266479,32.9893165,-84.2338685,2029-06-01,,low
10814,Georgia Power,GA,GTC: BAY CREEK 230/115KV SECOND AUTO TRANSFORMER,BAY CREEK,33.86812,-83.882351,,,,33.86812,-83.882351,2029-06-01,,confirmed
21140,Georgia Power,GA,GTC: BONAIRE PRIMARY - EASTMAN PRIMARY 115 KV LINE REBUILD,BONAIRE PRIMARY,32.564795,-83.600023,EASTMAN PRIMARY,32.213299,-83.161422,32.389047,-83.3807225,2029-06-01,,low
20760,Georgia Power,GA,GTC: HOPEWELL 230/115 KV BANK A,HOPEWELL,34.174192,-84.283406,,,,34.174192,-84.283406,2029-06-01,,confirmed
19621,Georgia Power,GA,MCEVER ROAD - SHOAL CREEK 115KV REBUILD,MCEVER ROAD,34.272883,-83.873801,SHOAL CREEK,,,34.272883,-83.873801,2029-06-01,,low
20346,Georgia Power,GA,MCMANUS - WEST BRUNSWICK 115KV REBUILD,MCMANUS,,,WEST BRUNSWICK,31.279909,-81.558657,31.279909,-81.558657,2029-06-01,,low
20757,Georgia Power,GA,NORCROSS - NORTH DRUID HILLS 115KV REBUILD,NORCROSS,33.932557,-84.21343,NORTH DRUID HILLS,,,33.932557,-84.21343,2029-06-01,,low
21006,Georgia Power,GA,SAV: BOULEVARD - MAGNOLIA 115 KV LINE REBUILD,BOULEVARD,32.041231,-81.144464,MAGNOLIA,32.022687,-81.086181,32.031959,-81.1153225,2029-06-01,,confirmed
21023,Georgia Power,GA,SAV: DEAN FOREST - LITTLE OGEECHEE 230 KV REBUILD,DEAN FOREST,32.08351,-81.188722,LITTLE OGEECHEE,32.006786,-81.253151,32.045148,-81.2209365,2029-06-01,,confirmed
13628,Georgia Power,GA,SOUTH BAINBRIDGE - SINAI (FPL) 115KV LINE RECONDUCTOR,SOUTH BAINBRIDGE,30.839608,-84.488921,SINAI,,,30.839608,-84.488921,2029-06-01,,low
20248,Georgia Power,GA,BAY CREEK - CONYERS 230KV REBUILD,BAY CREEK,33.86812,-83.882351,CONYERS,,,33.86812,-83.882351,2029-12-31,,low
18669,Georgia Power,GA,DU: DAWSON CROSSING - NELSON (WHITE) 115 KV REBUILD,DAWSON CROSSING,34.378118,-84.133575,NELSON,34.386597,-84.378771,34.3823575,-84.256173,2030-06-01,,confirmed
12120,Georgia Power,GA,GAINESVILLE #2 - MCEVER ROAD 115 KV REBUILD,GAINESVILLE #2,,,MCEVER ROAD,34.272883,-83.873801,34.272883,-83.873801,2030-06-01,,low
20298,Georgia Power,GA,GLENWOOD SPRINGS - LAKE OCONEE 115KV LINE REBUILD,GLENWOOD SPRINGS,,,LAKE OCONEE,33.45953,-83.247451,33.45953,-83.247451,2030-06-01,,low
19996,Georgia Power,GA,GOLDENS CREEK - WARRENTON PRIMARY 230KV REBUILD,GOLDENS CREEK,,,WARRENTON PRIMARY,33.380501,-82.687296,33.380501,-82.687296,2030-06-01,,low
20428,Georgia Power,GA,GORDON-SANDERSVILLE #1 115KV LINE REBUILD (DEEPSTEP-SAND #6),GORDON,32.882471,-83.316914,SANDERSVILLE #1,,,32.882471,-83.316914,2030-06-01,,low
20375,Georgia Power,GA,GTC: EAST WATKINSVILLE 230 KV STATION MODIFICATION,EAST WATKINSVILLE,33.860546,-83.384765,,,,33.860546,-83.384765,2030-06-01,,confirmed
21077,Georgia Power,GA,GTC: ROCKVILLE - TIGER CREEK -WARTHEN 500KV LINES,ROCKVILLE,,,WARTHEN,33.120062,-82.859484,33.120062,-82.859484,2030-06-01,,low
21094,Georgia Power,GA,GTC: TIGER CREEK-ROCKVILLE-NORTH SPA 230KV PROJECT,TIGER CREEK,33.094506,-82.981585,NORTH SPA,,,33.094506,-82.981585,2030-06-01,,low
20789,Georgia Power,GA,JEFFERSON ROAD - WINDER PRIMARY 115KV REBUILD,JEFFERSON ROAD,33.977796,-83.579481,WINDER PRIMARY,33.995459,-83.753131,33.9866275,-83.666306,2030-06-01,,low
20284,Georgia Power,GA,KETTLE CREEK PRIMARY - PINE GROVE PRIMARY 115KV REBUILD,KETTLE CREEK PRIMARY,,,PINE GROVE PRIMARY,30.881649,-83.227987,30.881649,-83.227987,2030-06-01,,low
21118,Georgia Power,GA,MEAG: ATHENA - WARRENTON 230KV CONVERSION,ATHENA,33.976403,-83.346119,WARRENTON,33.406448,-82.670842,33.6914255,-83.0084805,2030-06-01,,confirmed
18848,Georgia Power,GA,"BAINBRIDGE TRANSMISSION: EAST RIVER ROAD, EAST BAINBRIDGE",BAINBRIDGE,30.912552,-84.566992,,,,30.912552,-84.566992,2030-12-31,,confirmed
19632,Georgia Power,GA,AVERY - HOPEWELL 115KV RECONDUCTOR,AVERY,34.216989,-84.385764,HOPEWELL,34.174192,-84.283406,34.1955905,-84.334585,2031-06-01,,confirmed
20756,Georgia Power,GA,HATCH - WADLEY 500 KV LINE STRATEGIC PROJECT,HATCH,,,WADLEY,32.884657,-82.415872,32.884657,-82.415872,2031-06-01,,low
20784,Georgia Power,GA,SAV: COLEMAN - MELDRIM 115KV LINE REBUILD,COLEMAN,,,MELDRIM,32.155282,-81.368377,32.155282,-81.368377,2032-06-01,,low
20758,Georgia Power,GA,BAY CREEK - CONYERS 230KV LIMITING ELEMENT REPLACEMENT,BAY CREEK,33.86812,-83.882351,CONYERS,,,33.86812,-83.882351,2033-06-01,,low
20793,Georgia Power,GA,EVANS PRIMARY - THURMOND DAM (USA) #5 115KV REBUILD,EVANS PRIMARY,33.543994,-82.168648,THURMOND,33.660127,-82.195931,33.6020605,-82.1822895,2033-06-01,,confirmed
20794,Georgia Power,GA,EVANS PRIMARY - THURMOND DAM (USA) #6 115KV REBUILD,EVANS PRIMARY,33.543994,-82.168648,THURMOND,33.660127,-82.195931,33.6020605,-82.1822895,2033-06-01,,confirmed
12217,Georgia Power,GA,GTC: CENTER PRIMARY - CLARKSBORO 230 KV REBUILD,CENTER PRIMARY,34.053441,-83.398085,CLARKSBORO,,,34.053441,-83.398085,2033-06-01,,low
20773,Georgia Power,GA,GTC: CLARKSBORO - WINDER PRIMARY 230KV REBUILD,CLARKSBORO,,,WINDER PRIMARY,33.995459,-83.753131,33.995459,-83.753131,2033-06-01,,low
12147,Georgia Power,GA,GTC: EAST SOCIAL CIRCLE - SNELLVILLE 230KV EQUIPMENT UPGRADE,EAST SOCIAL CIRCLE,,,SNELLVILLE,33.838869,-84.048121,33.838869,-84.048121,2033-06-01,,low
20791,Georgia Power,GA,GTC: SHOAL CREEK - SOUTH HALL 230KV REBUILD,SHOAL CREEK,,,SOUTH HALL,34.21861,-83.802581,34.21861,-83.802581,2033-06-01,,low
21053,Georgia Power,GA,MCEVER ROAD - SHOAL CREEK 115KV REBUILD,MCEVER ROAD,34.272883,-83.873801,SHOAL CREEK,,,34.272883,-83.873801,2033-06-01,,low
14222,Georgia Power,GA,THOMSON PRIMARY 230/115KV SECOND TRANSFORMER,THOMSON PRIMARY,33.453955,-82.414219,,,,33.453955,-82.414219,2033-06-01,,confirmed
20759,Georgia Power,GA,WINDER PRIMARY 230KV BUS 1-2 PARALLEL BUS-TIE INSTALLATION,WINDER PRIMARY,33.995459,-83.753131,,,,33.995459,-83.753131,2033-06-01,,confirmed
10487,Georgia Power,GA,PINE GROVE PRIMARY - WEST VALDOSTA 115 KV RECONDUCTOR,PINE GROVE PRIMARY,30.881649,-83.227987,WEST VALDOSTA,,,30.881649,-83.227987,2033-12-31,,low
18700,Georgia Power,GA,DAWSON CROSSING - GAINESVILLE #1 115 KV,DAWSON CROSSING,34.378118,-84.133575,GAINESVILLE #1,,,34.378118,-84.133575,2034-06-01,,low
20787,Georgia Power,GA,SAV: LITTLE OGEECHEE 230/115KV BANK REPLACEMENT,LITTLE OGEECHEE,32.006786,-81.253151,,,,32.006786,-81.253151,2034-06-01,,confirmed
17993,Georgia Power,GA,EVANS PRIMARY - THOMSON PRIMARY 115KV REBUILD,EVANS PRIMARY,33.543994,-82.168648,THOMSON PRIMARY,33.453955,-82.414219,33.4989745,-82.2914335,2034-12-31,,confirmed
